"","sigma","estim","n.levels"
"1","ID",0.16827065862956,50
"2","ID/ObsID",0.318036176464957,257
"3","BiodivMetricBroad",0.0311719831738636,2
