"","estimate","se","zval","pval","ci.lb","ci.ub"
"intrcpt",-0.620736472819442,0.220627433461938,-2.8135053881526,0.00490045648890979,-1.05315829640635,-0.188314649232537
"PesticideTypeFungicide",0.72024665022378,0.289941921652112,2.48410663114791,0.0129876911334216,0.151970926177307,1.28852237427025
"PesticideTypeHerbicide",0.608125363780875,0.29478462565899,2.06294803340376,0.0391175657765539,0.0303581142931335,1.18589261326862
"PesticideTypeInsecticide",0.381502898448729,0.255246334141148,1.49464594558198,0.135006868428262,-0.118770723653797,0.881776520551256
"PesticideTypeMultiSubstance",0.269841396854496,0.243059691261289,1.11018571386408,0.266919007598342,-0.206546844111056,0.746229637820048
"BiodivMetricBroadDiversity",-0.264735356481272,0.13336849280588,-1.98499173914036,0.0471453905921859,-0.526132799053186,-0.00333791390935839
