"","estimate","se","zval","pval","ci.lb","ci.ub"
"intrcpt",-0.596391407874532,0.24401521020569,-2.44407472539032,0.014522418256347,-1.07465243155765,-0.11813038419141
"PesticideTypeFungicide",0.454778685738404,0.226712477442792,2.0059711351933,0.0448593277297767,0.0104303951046821,0.899126976372125
"PesticideTypeHerbicide",0.327648981460425,0.257913075966494,1.27038530416733,0.20394741542502,-0.177851358575845,0.833149321496696
"PesticideTypeInsecticide",0.13863010139237,0.202322226657724,0.685194620890048,0.493221117782168,-0.257914176128719,0.535174378913458
"BodySizeCatMesofauna",0.223415715075323,0.153269464368516,1.45766618286177,0.144932577500969,-0.0769869150167136,0.523818345167359
"BodySizeCatMicrofauna",0.0382546736581716,0.21822228654119,0.175301406031922,0.860842807024789,-0.389453148586541,0.465962495902885
