"","sigma","estim","n.levels"
"1","ID",0.212566487257603,49
"2","ID/ObsID",0.263961857724182,280
"3","BiodivMetricBroad",0.0348878246564781,2
