"","sigma","estim","n.levels"
"1","ID",0.169056606997022,54
"2","ID/ObsID",0.317510419775277,294
