"","sigma","estim","n.levels"
"1","ID",0.1926096094536,47
"2","ID/ObsID",0.356599479950334,247
"3","BiodivMetricBroad",0.0409736768170018,2
