"","sigma","estim","n.levels"
"1","ID",0.178800110759484,54
"2","ID/ObsID",0.317144159289465,294
