"","estimate","se","zval","pval","ci.lb","ci.ub"
"intrcpt",-1.09409557070577,0.429802598039745,-2.54557691297295,0.0109097327065934,-1.93649318332541,-0.251697958086123
"PesticideTypeFungicide",0.819831414981355,0.651834548875765,1.25772930630225,0.20848966978612,-0.457740824694058,2.09740365465677
"PesticideTypeHerbicide",1.38273767761935,0.511115529691583,2.70533293804186,0.00682359611009135,0.380969647484737,2.38450570775397
"PesticideTypeInsecticide",0.8135617262958,0.449754550381675,1.80890160111863,0.070466291635435,-0.0679409943352873,1.69506444692689
"PesticideTypeMultiSubstance",0.762863595206961,0.450893615377211,1.6918926531456,0.0906664430575589,-0.120871651791427,1.64659884220535
