"","sigma","estim","n.levels"
"1","ID",0.249353908035705,31
"2","ID/ObsID",0.439160805537966,158
"3","BiodivMetricBroad",0.0276958571220482,2
